rank,symbol,news_count,status,date_range,processed_time
1,MSFT,12057,success,2021-01-01 to 2025-05-23,2025-05-29T09:02:51.460083
2,NVDA,11757,success,2021-01-01 to 2025-05-23,2025-05-29T09:03:28.866944
3,AAPL,12016,success,2021-01-01 to 2025-05-23,2025-05-29T09:04:04.778270
4,AMZN,11963,success,2021-01-01 to 2025-05-23,2025-05-29T09:04:41.671983
5,GOOG,12170,success,2021-01-01 to 2025-05-23,2025-05-29T09:05:17.750861
6,GOOGL,11996,success,2021-01-01 to 2025-05-23,2025-05-29T09:05:52.944028
7,META,8409,success,2021-01-01 to 2025-05-23,2025-05-29T09:06:26.885092
8,TSLA,11879,success,2021-01-01 to 2025-05-23,2025-05-29T09:07:04.344268
9,AVGO,9162,success,2021-01-01 to 2025-05-23,2025-05-29T09:07:38.321133
10,BRK.B,9154,success,2021-01-01 to 2025-05-23,2025-05-29T09:08:13.676868
11,WMT,11329,success,2021-01-01 to 2025-05-23,2025-05-29T09:08:52.143788
12,JPM,11200,success,2021-01-01 to 2025-05-23,2025-05-29T09:09:28.239266
13,V,9816,success,2021-01-01 to 2025-05-23,2025-05-29T09:10:02.804358
14,LLY,9925,success,2021-01-01 to 2025-05-23,2025-05-29T09:10:37.113897
15,MA,9641,success,2021-01-01 to 2025-05-23,2025-05-29T09:11:12.931662
16,NFLX,11348,success,2021-01-01 to 2025-05-23,2025-05-29T09:11:49.936515
17,ORCL,8328,success,2021-01-01 to 2025-05-23,2025-05-29T09:12:24.111106
18,COST,10091,success,2021-01-01 to 2025-05-23,2025-05-29T09:12:55.307982
19,XOM,10810,success,2021-01-01 to 2025-05-23,2025-05-29T09:13:28.477080
20,PG,7898,success,2021-01-01 to 2025-05-23,2025-05-29T09:13:59.783005
21,JNJ,10736,success,2021-01-01 to 2025-05-23,2025-05-29T09:14:37.947059
22,HD,9190,success,2021-01-01 to 2025-05-23,2025-05-29T09:15:12.395177
23,BAC,10536,success,2021-01-01 to 2025-05-23,2025-05-29T09:15:49.024695
24,ABBV,8831,success,2021-01-01 to 2025-05-23,2025-05-29T09:16:23.598094
25,KO,9648,success,2021-01-01 to 2025-05-23,2025-05-29T09:16:59.152181
26,PLTR,8932,success,2021-01-01 to 2025-05-23,2025-05-29T09:17:33.711727
27,PM,6219,success,2021-01-01 to 2025-05-23,2025-05-29T09:18:06.084930
28,TMUS,6992,success,2021-01-01 to 2025-05-23,2025-05-29T09:18:38.793949
29,UNH,9215,success,2021-01-01 to 2025-05-23,2025-05-29T09:19:14.674557
30,CRM,10176,success,2021-01-01 to 2025-05-23,2025-05-29T09:19:49.954598
31,GE,8810,success,2021-01-01 to 2025-05-23,2025-05-29T09:20:24.706758
32,CSCO,8758,success,2021-01-01 to 2025-05-23,2025-05-29T09:20:59.342490
33,IBM,9143,success,2021-01-01 to 2025-05-23,2025-05-29T09:21:34.199826
34,WFC,9171,success,2021-01-01 to 2025-05-23,2025-05-29T09:22:08.591141
35,CVX,10889,success,2021-01-01 to 2025-05-23,2025-05-29T09:22:44.119696
36,ABT,6539,success,2021-01-01 to 2025-05-23,2025-05-29T09:23:16.003299
37,MCD,9702,success,2021-01-01 to 2025-05-23,2025-05-29T09:23:50.580405
38,LIN,3037,success,2021-01-01 to 2025-05-23,2025-05-29T09:24:19.343932
39,NOW,5590,success,2021-01-01 to 2025-05-23,2025-05-29T09:24:51.143053
40,INTU,5075,success,2021-01-01 to 2025-05-23,2025-05-29T09:25:22.042039
41,AXP,8105,success,2021-01-01 to 2025-05-23,2025-05-29T09:25:58.565212
42,MS,9659,success,2021-01-01 to 2025-05-23,2025-05-29T09:26:31.902291
43,DIS,11234,success,2021-01-01 to 2025-05-23,2025-05-29T09:27:02.999640
44,T,10081,success,2021-01-01 to 2025-05-23,2025-05-29T09:27:37.285010
45,ISRG,4490,success,2021-01-01 to 2025-05-23,2025-05-29T09:28:06.309941
46,ACN,6814,success,2021-01-01 to 2025-05-23,2025-05-29T09:28:38.264875
47,MRK,9908,success,2021-01-01 to 2025-05-23,2025-05-29T09:29:12.505819
48,GS,11180,success,2021-01-01 to 2025-05-23,2025-05-29T09:29:48.338451
49,UBER,10472,success,2021-01-01 to 2025-05-23,2025-05-29T09:30:24.090019
50,AMD,10892,success,2021-01-01 to 2025-05-23,2025-05-29T09:30:57.132148
51,VZ,9410,success,2021-01-01 to 2025-05-23,2025-05-29T09:31:32.707806
52,PEP,8461,success,2021-01-01 to 2025-05-23,2025-05-29T09:32:07.805346
53,BKNG,5511,success,2021-01-01 to 2025-05-23,2025-05-29T09:32:39.257590
54,RTX,6971,success,2021-01-01 to 2025-05-23,2025-05-29T09:33:11.652087
55,ADBE,8481,success,2021-01-01 to 2025-05-23,2025-05-29T09:33:46.316653
56,TXN,6314,success,2021-01-01 to 2025-05-23,2025-05-29T09:34:19.052036
57,CAT,7279,success,2021-01-01 to 2025-05-23,2025-05-29T09:34:52.269168
58,PGR,3559,success,2021-01-01 to 2025-05-23,2025-05-29T09:35:23.078550
59,QCOM,9803,success,2021-01-01 to 2025-05-23,2025-05-29T09:35:59.373931
60,SCHW,6909,success,2021-01-01 to 2025-05-23,2025-05-29T09:36:30.772337
61,SPGI,8070,success,2021-01-01 to 2025-05-23,2025-05-29T09:37:08.075161
62,BSX,4581,success,2021-01-01 to 2025-05-23,2025-05-29T09:37:39.300222
63,BA,11310,success,2021-01-01 to 2025-05-23,2025-05-29T09:38:16.263302
64,TMO,5237,success,2021-01-01 to 2025-05-23,2025-05-29T09:38:46.533339
65,BLK,9761,success,2021-01-01 to 2025-05-23,2025-05-29T09:39:22.891019
66,AMGN,7538,success,2021-01-01 to 2025-05-23,2025-05-29T09:39:54.779632
67,SYK,3282,success,2021-01-01 to 2025-05-23,2025-05-29T09:40:25.324885
68,HON,5881,success,2021-01-01 to 2025-05-23,2025-05-29T09:40:57.785927
69,TJX,4526,success,2021-01-01 to 2025-05-23,2025-05-29T09:41:29.611177
70,C,10394,success,2021-01-01 to 2025-05-23,2025-05-29T09:42:05.308916
71,NEE,6963,success,2021-01-01 to 2025-05-23,2025-05-29T09:42:40.551867
72,DE,6126,success,2021-01-01 to 2025-05-23,2025-05-29T09:43:10.733661
73,DHR,4136,success,2021-01-01 to 2025-05-23,2025-05-29T09:43:52.224914
74,GILD,6695,success,2021-01-01 to 2025-05-23,2025-05-29T09:44:30.917950
75,UNP,5285,success,2021-01-01 to 2025-05-23,2025-05-29T09:45:13.225159
76,GEV,1056,success,2021-01-01 to 2025-05-23,2025-05-29T09:45:40.087484
77,PFE,10918,success,2021-01-01 to 2025-05-23,2025-05-29T10:26:33.909998
78,ADP,3378,success,2021-01-01 to 2025-05-23,2025-05-29T10:27:05.481702
79,AMAT,6181,success,2021-01-01 to 2025-05-23,2025-05-29T10:27:38.779708
80,CMCSA,9251,success,2021-01-01 to 2025-05-23,2025-05-29T10:28:18.910980
81,ETN,3032,success,2021-01-01 to 2025-05-23,2025-05-29T10:28:50.287828
82,LOW,6562,success,2021-01-01 to 2025-05-23,2025-05-29T10:29:24.539709
83,PANW,6096,success,2021-01-01 to 2025-05-23,2025-05-29T10:30:04.751882
84,COF,4294,success,2021-01-01 to 2025-05-23,2025-05-29T10:30:35.773509
85,CRWD,7857,success,2021-01-01 to 2025-05-23,2025-05-29T10:31:12.459389
86,ANET,5683,success,2021-01-01 to 2025-05-23,2025-05-29T10:31:45.145126
87,CB,3275,success,2021-01-01 to 2025-05-23,2025-05-29T10:32:17.215812
88,VRTX,6029,success,2021-01-01 to 2025-05-23,2025-05-29T10:32:52.110454
89,MMC,2658,success,2021-01-01 to 2025-05-23,2025-05-29T10:33:20.871801
90,LMT,9018,success,2021-01-01 to 2025-05-23,2025-05-29T10:33:58.006248
91,KKR,5926,success,2021-01-01 to 2025-05-23,2025-05-29T10:34:34.156718
92,MU,8993,success,2021-01-01 to 2025-05-23,2025-05-29T10:35:12.371022
93,LRCX,4841,success,2021-01-01 to 2025-05-23,2025-05-29T10:35:44.606442
94,ADI,4653,success,2021-01-01 to 2025-05-23,2025-05-29T10:36:16.466715
95,COP,6733,success,2021-01-01 to 2025-05-23,2025-05-29T10:36:51.546712
96,APH,2601,success,2021-01-01 to 2025-05-23,2025-05-29T10:37:22.735440
97,BX,7171,success,2021-01-01 to 2025-05-23,2025-05-29T10:37:58.490098
98,MDT,6118,success,2021-01-01 to 2025-05-23,2025-05-29T10:38:35.064458
99,CME,4688,success,2021-01-01 to 2025-05-23,2025-05-29T10:39:09.530892
100,KLAC,2920,success,2021-01-01 to 2025-05-23,2025-05-29T10:39:39.869304
101,ICE,4176,success,2021-01-01 to 2025-05-23,2025-05-29T10:40:13.877436
102,MO,6791,success,2021-01-01 to 2025-05-23,2025-05-29T10:40:51.217227
103,PLD,4547,success,2021-01-01 to 2025-05-23,2025-05-29T10:41:28.684640
104,AMT,4676,success,2021-01-01 to 2025-05-23,2025-05-29T10:42:02.800385
105,WELL,2741,success,2021-01-01 to 2025-05-23,2025-05-29T10:42:33.161711
106,SBUX,9575,success,2021-01-01 to 2025-05-23,2025-05-29T10:43:26.544090
107,SO,3683,success,2021-01-01 to 2025-05-23,2025-05-29T10:43:59.171842
108,TT,2897,success,2021-01-01 to 2025-05-23,2025-05-29T10:44:26.047408
109,CEG,1856,success,2021-01-01 to 2025-05-23,2025-05-29T10:44:53.821465
110,BMY,8109,success,2021-01-01 to 2025-05-23,2025-05-29T10:45:30.721823
111,WM,3317,success,2021-01-01 to 2025-05-23,2025-05-29T10:46:03.510259
112,NKE,10419,success,2021-01-01 to 2025-05-23,2025-05-29T10:46:41.332850
113,HCA,3798,success,2021-01-01 to 2025-05-23,2025-05-29T10:47:21.409308
114,CTAS,2886,success,2021-01-01 to 2025-05-23,2025-05-29T10:47:51.997878
115,FI,1502,success,2021-01-01 to 2025-05-23,2025-05-29T10:48:25.365273
116,MCK,4094,success,2021-01-01 to 2025-05-23,2025-05-29T10:49:01.734432
117,DUK,5307,success,2021-01-01 to 2025-05-23,2025-05-29T10:49:41.548150
118,SHW,3416,success,2021-01-01 to 2025-05-23,2025-05-29T10:50:12.137535
119,INTC,11268,success,2021-01-01 to 2025-05-23,2025-05-29T10:50:54.043555
120,DASH,5388,success,2021-01-01 to 2025-05-23,2025-05-29T10:51:27.481290
121,AJG,2764,success,2021-01-01 to 2025-05-23,2025-05-29T10:51:59.853387
122,MDLZ,5002,success,2021-01-01 to 2025-05-23,2025-05-29T10:52:45.359818
123,EQIX,3404,success,2021-01-01 to 2025-05-23,2025-05-29T10:53:16.401658
124,MCO,3658,success,2021-01-01 to 2025-05-23,2025-05-29T10:53:47.681589
125,ELV,2620,success,2021-01-01 to 2025-05-23,2025-05-29T10:54:17.466509
126,PH,2963,success,2021-01-01 to 2025-05-23,2025-05-29T10:54:49.364549
127,CI,4737,success,2021-01-01 to 2025-05-23,2025-05-29T10:55:23.435487
128,TDG,2455,success,2021-01-01 to 2025-05-23,2025-05-29T10:55:52.251084
129,UPS,7378,success,2021-01-01 to 2025-05-23,2025-05-29T10:56:28.858328
130,MMM,7089,success,2021-01-01 to 2025-05-23,2025-05-29T10:57:04.067606
131,FTNT,4678,success,2021-01-01 to 2025-05-23,2025-05-29T10:57:39.974421
132,ABNB,8005,success,2021-01-01 to 2025-05-23,2025-05-29T10:58:22.391419
133,RSG,2463,success,2021-01-01 to 2025-05-23,2025-05-29T10:58:51.442237
134,CVS,8272,success,2021-01-01 to 2025-05-23,2025-05-29T10:59:32.357008
135,CDNS,3543,success,2021-01-01 to 2025-05-23,2025-05-29T11:00:02.343372
136,AON,2750,success,2021-01-01 to 2025-05-23,2025-05-29T11:00:34.086361
137,DELL,6506,success,2021-01-01 to 2025-05-23,2025-05-29T11:01:06.863021
138,ORLY,2945,success,2021-01-01 to 2025-05-23,2025-05-29T11:01:47.594384
139,APO,5251,success,2021-01-01 to 2025-05-23,2025-05-29T11:02:28.186391
140,ECL,3253,success,2021-01-01 to 2025-05-23,2025-05-29T11:02:58.367294
141,CL,4275,success,2021-01-01 to 2025-05-23,2025-05-29T11:03:39.790193
142,WMB,3348,success,2021-01-01 to 2025-05-23,2025-05-29T11:04:08.712414
143,ZTS,2334,success,2021-01-01 to 2025-05-23,2025-05-29T11:04:40.848958
144,GD,4290,success,2021-01-01 to 2025-05-23,2025-05-29T11:05:18.866457
145,MAR,5243,success,2021-01-01 to 2025-05-23,2025-05-29T11:05:58.334245
146,ITW,2615,success,2021-01-01 to 2025-05-23,2025-05-29T11:06:29.529084
147,SNPS,3543,success,2021-01-01 to 2025-05-23,2025-05-29T11:07:01.071312
148,MSI,2841,success,2021-01-01 to 2025-05-23,2025-05-29T11:07:31.800457
149,PYPL,10121,success,2021-01-01 to 2025-05-23,2025-05-29T11:08:08.852533
150,PNC,4421,success,2021-01-01 to 2025-05-23,2025-05-29T11:08:39.895506
151,HWM,2255,success,2021-01-01 to 2025-05-23,2025-05-29T11:09:15.261495
152,NOC,5352,success,2021-01-01 to 2025-05-23,2025-05-29T11:09:47.403332
153,RCL,6330,success,2021-01-01 to 2025-05-23,2025-05-29T11:10:26.152580
154,CMG,7566,success,2021-01-01 to 2025-05-23,2025-05-29T11:11:02.293516
155,EMR,3898,success,2021-01-01 to 2025-05-23,2025-05-29T11:11:37.782887
156,USB,5071,success,2021-01-01 to 2025-05-23,2025-05-29T11:12:11.335811
157,JCI,3003,success,2021-01-01 to 2025-05-23,2025-05-29T11:12:42.799733
158,COIN,10092,success,2021-01-01 to 2025-05-23,2025-05-29T11:13:22.553582
159,ADSK,4073,success,2021-01-01 to 2025-05-23,2025-05-29T11:13:54.205244
160,WDAY,3882,success,2021-01-01 to 2025-05-23,2025-05-29T11:14:27.048921
161,REGN,6254,success,2021-01-01 to 2025-05-23,2025-05-29T11:15:05.429404
162,BK,4109,success,2021-01-01 to 2025-05-23,2025-05-29T11:15:40.192611
163,AZO,3407,success,2021-01-01 to 2025-05-23,2025-05-29T11:16:11.551313
164,MNST,3153,success,2021-01-01 to 2025-05-23,2025-05-29T11:16:43.096056
165,KMI,4616,success,2021-01-01 to 2025-05-23,2025-05-29T11:17:16.528056
166,TRV,3366,success,2021-01-01 to 2025-05-23,2025-05-29T11:17:48.362280
167,ROP,2325,success,2021-01-01 to 2025-05-23,2025-05-29T11:18:21.463296
168,CARR,3105,success,2021-01-01 to 2025-05-23,2025-05-29T11:18:53.755734
169,APD,3144,success,2021-01-01 to 2025-05-23,2025-05-29T11:19:25.771481
170,EOG,4398,success,2021-01-01 to 2025-05-23,2025-05-29T11:19:58.339497
171,HLT,3808,success,2021-01-01 to 2025-05-23,2025-05-29T11:20:32.081361
172,CSX,4149,success,2021-01-01 to 2025-05-23,2025-05-29T11:21:05.627923
173,NEM,5146,success,2021-01-01 to 2025-05-23,2025-05-29T11:21:42.254134
174,AXON,1988,success,2021-01-01 to 2025-05-23,2025-05-29T11:22:11.412681
175,DLR,3584,success,2021-01-01 to 2025-05-23,2025-05-29T11:22:42.250931
176,PAYX,3039,success,2021-01-01 to 2025-05-23,2025-05-29T11:23:12.809374
177,CHTR,4165,success,2021-01-01 to 2025-05-23,2025-05-29T11:23:47.510619
178,COR,1168,success,2021-01-01 to 2025-05-23,2025-05-29T11:24:14.663104
179,FCX,4664,success,2021-01-01 to 2025-05-23,2025-05-29T11:24:48.260273
180,AFL,2967,success,2021-01-01 to 2025-05-23,2025-05-29T11:25:19.075625
181,VST,2711,success,2021-01-01 to 2025-05-23,2025-05-29T11:25:50.846544
182,NSC,4517,success,2021-01-01 to 2025-05-23,2025-05-29T11:26:20.568401
183,AEP,2849,success,2021-01-01 to 2025-05-23,2025-05-29T11:26:52.798613
184,ALL,3691,success,2021-01-01 to 2025-05-23,2025-05-29T11:27:24.499422
185,PSA,2660,success,2021-01-01 to 2025-05-23,2025-05-29T11:27:55.641357
186,SPG,3913,success,2021-01-01 to 2025-05-23,2025-05-29T11:28:28.288841
187,MET,3101,success,2021-01-01 to 2025-05-23,2025-05-29T11:28:58.120800
188,FDX,7941,success,2021-01-01 to 2025-05-23,2025-05-29T11:29:33.064425
189,GWW,2333,success,2021-01-01 to 2025-05-23,2025-05-29T11:30:02.382280
190,TFC,4057,success,2021-01-01 to 2025-05-23,2025-05-29T11:30:35.670944
191,SRE,3180,success,2021-01-01 to 2025-05-23,2025-05-29T11:31:08.762147
192,O,7074,success,2021-01-01 to 2025-05-23,2025-05-29T11:31:45.984428
193,PWR,2439,success,2021-01-01 to 2025-05-23,2025-05-29T11:32:15.555489
194,OKE,2762,success,2021-01-01 to 2025-05-23,2025-05-29T11:32:46.305932
195,CPRT,1956,success,2021-01-01 to 2025-05-23,2025-05-29T11:33:15.971490
196,BDX,3377,success,2021-01-01 to 2025-05-23,2025-05-29T11:33:47.491208
197,NXPI,3267,success,2021-01-01 to 2025-05-23,2025-05-29T11:34:19.420002
198,PCAR,2512,success,2021-01-01 to 2025-05-23,2025-05-29T11:34:49.783003
199,MPC,4482,success,2021-01-01 to 2025-05-23,2025-05-29T11:35:22.963717
200,AMP,2834,success,2021-01-01 to 2025-05-23,2025-05-29T11:35:53.958413
201,CTVA,2633,success,2021-01-01 to 2025-05-23,2025-05-29T11:36:26.731249
202,AIG,3243,success,2021-01-01 to 2025-05-23,2025-05-29T11:36:57.648406
203,D,4544,success,2021-01-01 to 2025-05-23,2025-05-29T11:37:30.363907
204,FAST,2740,success,2021-01-01 to 2025-05-23,2025-05-29T11:38:02.034052
205,TEL,2187,success,2021-01-01 to 2025-05-23,2025-05-29T11:38:32.116068
206,NDAQ,3786,success,2021-01-01 to 2025-05-23,2025-05-29T11:39:07.518390
207,KMB,3722,success,2021-01-01 to 2025-05-23,2025-05-29T11:39:39.788501
208,URI,2961,success,2021-01-01 to 2025-05-23,2025-05-29T11:40:09.988968
209,GM,11048,success,2021-01-01 to 2025-05-23,2025-05-29T11:40:48.362871
210,PSX,4402,success,2021-01-01 to 2025-05-23,2025-05-29T11:41:17.885258
211,ROST,3646,success,2021-01-01 to 2025-05-23,2025-05-29T11:41:50.559755
212,LHX,3912,success,2021-01-01 to 2025-05-23,2025-05-29T11:42:20.596781
213,SLB,4591,success,2021-01-01 to 2025-05-23,2025-05-29T11:42:52.741369
214,KVUE,1348,success,2021-01-01 to 2025-05-23,2025-05-29T11:43:19.716359
215,KR,6946,success,2021-01-01 to 2025-05-23,2025-05-29T11:43:56.470718
216,EW,3142,success,2021-01-01 to 2025-05-23,2025-05-29T11:44:25.614498
217,CMI,3653,success,2021-01-01 to 2025-05-23,2025-05-29T11:44:55.868577
218,KDP,2370,success,2021-01-01 to 2025-05-23,2025-05-29T11:45:24.361040
219,VRSK,2436,success,2021-01-01 to 2025-05-23,2025-05-29T11:45:54.553287
220,EXC,3164,success,2021-01-01 to 2025-05-23,2025-05-29T11:46:26.895709
221,TGT,9453,success,2021-01-01 to 2025-05-23,2025-05-29T11:47:05.832811
222,MSCI,3411,success,2021-01-01 to 2025-05-23,2025-05-29T11:47:36.449512
223,CCI,3610,success,2021-01-01 to 2025-05-23,2025-05-29T11:48:07.871897
224,GLW,2744,success,2021-01-01 to 2025-05-23,2025-05-29T11:48:37.716672
225,FIS,3473,success,2021-01-01 to 2025-05-23,2025-05-29T11:49:10.086361
226,TTWO,4627,success,2021-01-01 to 2025-05-23,2025-05-29T11:49:43.021259
227,IDXX,2247,success,2021-01-01 to 2025-05-23,2025-05-29T11:50:12.713092
228,AME,2054,success,2021-01-01 to 2025-05-23,2025-05-29T11:50:43.365366
229,HES,3451,success,2021-01-01 to 2025-05-23,2025-05-29T11:51:14.614986
230,OXY,7764,success,2021-01-01 to 2025-05-23,2025-05-29T11:51:49.791010
231,F,11012,success,2021-01-01 to 2025-05-23,2025-05-29T11:52:27.498786
232,FANG,4194,success,2021-01-01 to 2025-05-23,2025-05-29T11:52:58.587538
233,YUM,4573,success,2021-01-01 to 2025-05-23,2025-05-29T11:53:29.885797
234,XEL,2628,success,2021-01-01 to 2025-05-23,2025-05-29T11:54:00.485862
235,VLO,4110,success,2021-01-01 to 2025-05-23,2025-05-29T11:54:33.514143
236,CTSH,2504,success,2021-01-01 to 2025-05-23,2025-05-29T11:55:04.170553
237,LULU,6249,success,2021-01-01 to 2025-05-23,2025-05-29T11:55:36.933982
238,FICO,2150,success,2021-01-01 to 2025-05-23,2025-05-29T11:56:06.828263
239,PEG,2380,success,2021-01-01 to 2025-05-23,2025-05-29T11:56:35.959269
240,GRMN,2132,success,2021-01-01 to 2025-05-23,2025-05-29T11:57:06.379474
241,OTIS,2171,success,2021-01-01 to 2025-05-23,2025-05-29T11:57:37.020305
242,PCG,3140,success,2021-01-01 to 2025-05-23,2025-05-29T11:58:10.145953
243,CBRE,2706,success,2021-01-01 to 2025-05-23,2025-05-29T11:58:41.190697
244,EA,4777,success,2021-01-01 to 2025-05-23,2025-05-29T11:59:15.061335
245,ED,2437,success,2021-01-01 to 2025-05-23,2025-05-29T11:59:46.598857
246,HIG,2182,success,2021-01-01 to 2025-05-23,2025-05-29T12:00:15.883950
247,CAH,4049,success,2021-01-01 to 2025-05-23,2025-05-29T12:00:49.759723
248,ETR,3445,success,2021-01-01 to 2025-05-23,2025-05-29T12:01:22.579445
249,PRU,4172,success,2021-01-01 to 2025-05-23,2025-05-29T12:01:55.685320
250,BKR,4647,success,2021-01-01 to 2025-05-23,2025-05-29T12:02:28.796260
251,DHI,4584,success,2021-01-01 to 2025-05-23,2025-05-29T12:03:03.609551
252,RMD,2690,success,2021-01-01 to 2025-05-23,2025-05-29T12:03:35.268038
253,ROK,2969,success,2021-01-01 to 2025-05-23,2025-05-29T12:04:08.380956
254,ACGL,2071,success,2021-01-01 to 2025-05-23,2025-05-29T12:04:38.094700
255,VMC,2464,success,2021-01-01 to 2025-05-23,2025-05-29T12:05:08.170020
256,SYY,3103,success,2021-01-01 to 2025-05-23,2025-05-29T12:05:39.999395
257,TRGP,1634,success,2021-01-01 to 2025-05-23,2025-05-29T12:06:10.436384
258,WAB,2428,success,2021-01-01 to 2025-05-23,2025-05-29T12:06:42.144431
259,ODFL,2698,success,2021-01-01 to 2025-05-23,2025-05-29T12:07:12.759882
260,DXCM,3868,success,2021-01-01 to 2025-05-23,2025-05-29T12:07:45.317422
261,WEC,2339,success,2021-01-01 to 2025-05-23,2025-05-29T12:08:17.246263
262,IT,3485,success,2021-01-01 to 2025-05-23,2025-05-29T12:08:50.060230
263,EBAY,5706,success,2021-01-01 to 2025-05-23,2025-05-29T12:09:23.779393
264,VICI,2933,success,2021-01-01 to 2025-05-23,2025-05-29T12:09:54.880900
265,EQT,3062,success,2021-01-01 to 2025-05-23,2025-05-29T12:10:25.701797
266,MLM,2366,success,2021-01-01 to 2025-05-23,2025-05-29T12:10:55.934379
267,IR,2400,success,2021-01-01 to 2025-05-23,2025-05-29T12:11:26.434538
268,GEHC,1388,success,2021-01-01 to 2025-05-23,2025-05-29T12:11:55.389735
269,EFX,3171,success,2021-01-01 to 2025-05-23,2025-05-29T12:12:27.901588
270,LYV,3223,success,2021-01-01 to 2025-05-23,2025-05-29T12:12:59.240702
271,MPWR,2112,success,2021-01-01 to 2025-05-23,2025-05-29T12:13:31.017851
272,STZ,4783,success,2021-01-01 to 2025-05-23,2025-05-29T12:14:04.647817
273,BRO,1897,success,2021-01-01 to 2025-05-23,2025-05-29T12:14:35.791883
274,DAL,9600,success,2021-01-01 to 2025-05-23,2025-05-29T12:15:12.974241
275,A,3716,success,2021-01-01 to 2025-05-23,2025-05-29T12:15:45.034531
276,HSY,3881,success,2021-01-01 to 2025-05-23,2025-05-29T12:16:17.062021
277,EXR,2689,success,2021-01-01 to 2025-05-23,2025-05-29T12:16:48.372195
278,KHC,5019,success,2021-01-01 to 2025-05-23,2025-05-29T12:17:22.851554
279,CSGP,2352,success,2021-01-01 to 2025-05-23,2025-05-29T12:17:52.322635
280,CCL,7401,success,2021-01-01 to 2025-05-23,2025-05-29T12:18:29.886553
281,MCHP,3541,success,2021-01-01 to 2025-05-23,2025-05-29T12:19:03.368318
282,WTW,1866,success,2021-01-01 to 2025-05-23,2025-05-29T12:19:32.268741
283,XYL,2243,success,2021-01-01 to 2025-05-23,2025-05-29T12:20:02.341656
284,NRG,2742,success,2021-01-01 to 2025-05-23,2025-05-29T12:20:34.131470
285,RJF,2314,success,2021-01-01 to 2025-05-23,2025-05-29T12:21:04.783277
286,GIS,5073,success,2021-01-01 to 2025-05-23,2025-05-29T12:21:38.794936
287,MTB,2811,success,2021-01-01 to 2025-05-23,2025-05-29T12:22:11.077426
288,VTR,2431,success,2021-01-01 to 2025-05-23,2025-05-29T12:22:42.465163
289,ANSS,2230,success,2021-01-01 to 2025-05-23,2025-05-29T12:23:12.255414
290,AVB,2573,success,2021-01-01 to 2025-05-23,2025-05-29T12:23:42.983069
291,IRM,2423,success,2021-01-01 to 2025-05-23,2025-05-29T12:24:14.737975
292,LVS,4174,success,2021-01-01 to 2025-05-23,2025-05-29T12:24:47.728084
293,K,4195,success,2021-01-01 to 2025-05-23,2025-05-29T12:25:20.823294
294,DD,3545,success,2021-01-01 to 2025-05-23,2025-05-29T12:25:53.918949
295,BR,2242,success,2021-01-01 to 2025-05-23,2025-05-29T12:26:25.017947
296,TPL,1222,success,2021-01-01 to 2025-05-23,2025-05-29T12:26:52.382905
297,DTE,2816,success,2021-01-01 to 2025-05-23,2025-05-29T12:27:25.521627
298,CNC,4159,success,2021-01-01 to 2025-05-23,2025-05-29T12:28:00.392882
299,WRB,2112,success,2021-01-01 to 2025-05-23,2025-05-29T12:28:31.625944
300,LEN,4881,success,2021-01-01 to 2025-05-23,2025-05-29T12:29:04.722801
301,STT,3734,success,2021-01-01 to 2025-05-23,2025-05-29T12:29:42.105893
302,ROL,1942,success,2021-01-01 to 2025-05-23,2025-05-29T12:30:12.329867
303,HUM,4720,success,2021-01-01 to 2025-05-23,2025-05-29T12:30:46.300581
304,AWK,3776,success,2021-01-01 to 2025-05-23,2025-05-29T12:31:32.002230
305,EXE,227,success,2021-01-01 to 2025-05-23,2025-05-29T12:31:56.575948
306,KEYS,3175,success,2021-01-01 to 2025-05-23,2025-05-29T12:32:28.412597
307,EQR,2526,success,2021-01-01 to 2025-05-23,2025-05-29T12:32:58.117436
308,TSCO,4686,success,2021-01-01 to 2025-05-23,2025-05-29T12:33:31.288166
309,AEE,2294,success,2021-01-01 to 2025-05-23,2025-05-29T12:34:01.621536
310,HPQ,5663,success,2021-01-01 to 2025-05-23,2025-05-29T12:34:37.562545
311,GDDY,2340,success,2021-01-01 to 2025-05-23,2025-05-29T12:35:09.632982
312,UAL,8836,success,2021-01-01 to 2025-05-23,2025-05-29T12:35:46.471558
313,VRSN,1658,success,2021-01-01 to 2025-05-23,2025-05-29T12:36:14.611027
314,PPL,2503,success,2021-01-01 to 2025-05-23,2025-05-29T12:36:43.502094
315,FOXA,4349,success,2021-01-01 to 2025-05-23,2025-05-29T12:37:17.253554
316,FITB,3025,success,2021-01-01 to 2025-05-23,2025-05-29T12:37:47.537777
317,IP,2990,success,2021-01-01 to 2025-05-23,2025-05-29T12:38:18.012505
318,NUE,4657,success,2021-01-01 to 2025-05-23,2025-05-29T12:38:51.489207
319,PPG,3588,success,2021-01-01 to 2025-05-23,2025-05-29T12:39:22.452904
320,SMCI,4772,success,2021-01-01 to 2025-05-23,2025-05-29T12:39:54.536693
321,DRI,3518,success,2021-01-01 to 2025-05-23,2025-05-29T12:40:27.672632
322,VLTO,339,success,2021-01-01 to 2025-05-23,2025-05-29T12:40:52.671243
323,STX,3449,success,2021-01-01 to 2025-05-23,2025-05-29T12:41:24.328890
324,WBD,5628,success,2021-01-01 to 2025-05-23,2025-05-29T12:41:57.593880
325,TYL,1758,success,2021-01-01 to 2025-05-23,2025-05-29T12:42:28.025097
326,DOV,2713,success,2021-01-01 to 2025-05-23,2025-05-29T12:43:03.916601
327,SBAC,2172,success,2021-01-01 to 2025-05-23,2025-05-29T12:43:35.805293
328,ATO,2196,success,2021-01-01 to 2025-05-23,2025-05-29T12:44:05.410868
329,FTV,1979,success,2021-01-01 to 2025-05-23,2025-05-29T12:44:35.573139
330,CNP,2418,success,2021-01-01 to 2025-05-23,2025-05-29T12:45:06.567932
331,CDW,2006,success,2021-01-01 to 2025-05-23,2025-05-29T12:45:37.950457
332,CHD,2411,success,2021-01-01 to 2025-05-23,2025-05-29T12:46:08.779108
333,STE,1611,success,2021-01-01 to 2025-05-23,2025-05-29T12:46:38.564103
334,MTD,1586,success,2021-01-01 to 2025-05-23,2025-05-29T12:47:06.773658
335,IQV,2353,success,2021-01-01 to 2025-05-23,2025-05-29T12:47:37.504424
336,EL,4819,success,2021-01-01 to 2025-05-23,2025-05-29T12:48:09.847302
337,FE,2946,success,2021-01-01 to 2025-05-23,2025-05-29T12:48:42.023408
338,CBOE,2786,success,2021-01-01 to 2025-05-23,2025-05-29T12:49:13.484726
339,ES,2198,success,2021-01-01 to 2025-05-23,2025-05-29T12:49:47.937199
340,TDY,1491,success,2021-01-01 to 2025-05-23,2025-05-29T12:50:18.072374
341,HPE,4450,success,2021-01-01 to 2025-05-23,2025-05-29T12:50:53.620986
342,ADM,4695,success,2021-01-01 to 2025-05-23,2025-05-29T12:51:28.656069
343,CPAY,350,success,2021-01-01 to 2025-05-23,2025-05-29T12:51:54.306862
344,FOX,3606,success,2021-01-01 to 2025-05-23,2025-05-29T12:52:31.478784
345,CINF,2087,success,2021-01-01 to 2025-05-23,2025-05-29T12:53:05.300103
346,PODD,1956,success,2021-01-01 to 2025-05-23,2025-05-29T12:53:34.870472
347,SW,227,success,2021-01-01 to 2025-05-23,2025-05-29T12:54:01.757064
348,HBAN,2659,success,2021-01-01 to 2025-05-23,2025-05-29T12:54:36.736557
349,SYF,2953,success,2021-01-01 to 2025-05-23,2025-05-29T12:55:12.444914
350,DG,5998,success,2021-01-01 to 2025-05-23,2025-05-29T12:55:47.333359
351,EXPE,4556,success,2021-01-01 to 2025-05-23,2025-05-29T12:56:29.776141
352,EIX,2547,success,2021-01-01 to 2025-05-23,2025-05-29T12:57:05.011047
353,WAT,1848,success,2021-01-01 to 2025-05-23,2025-05-29T12:57:36.081441
354,HUBB,1378,success,2021-01-01 to 2025-05-23,2025-05-29T12:58:05.051518
355,NTRS,2410,success,2021-01-01 to 2025-05-23,2025-05-29T12:58:35.918447
356,TROW,3469,success,2021-01-01 to 2025-05-23,2025-05-29T12:59:07.298694
357,AMCR,1962,success,2021-01-01 to 2025-05-23,2025-05-29T12:59:37.470806
358,LH,2721,success,2021-01-01 to 2025-05-23,2025-05-29T13:00:07.825707
359,NTAP,3061,success,2021-01-01 to 2025-05-23,2025-05-29T13:00:39.436025
360,CMS,2315,success,2021-01-01 to 2025-05-23,2025-05-29T13:01:10.199802
361,NVR,1833,success,2021-01-01 to 2025-05-23,2025-05-29T13:01:41.894450
362,INVH,1773,success,2021-01-01 to 2025-05-23,2025-05-29T13:02:11.061543
363,WSM,3130,success,2021-01-01 to 2025-05-23,2025-05-29T13:02:42.148993
364,LII,1522,success,2021-01-01 to 2025-05-23,2025-05-29T13:03:10.480964
365,PTC,1529,success,2021-01-01 to 2025-05-23,2025-05-29T13:03:39.340473
366,DOW,4964,success,2021-01-01 to 2025-05-23,2025-05-29T13:04:11.954354
367,DVN,5219,success,2021-01-01 to 2025-05-23,2025-05-29T13:04:44.367691
368,TSN,4964,success,2021-01-01 to 2025-05-23,2025-05-29T13:05:16.308548
369,PHM,3782,success,2021-01-01 to 2025-05-23,2025-05-29T13:05:49.254561
370,LDOS,3043,success,2021-01-01 to 2025-05-23,2025-05-29T13:06:19.613278
371,IFF,2522,success,2021-01-01 to 2025-05-23,2025-05-29T13:06:52.079391
372,RF,3152,success,2021-01-01 to 2025-05-23,2025-05-29T13:07:23.573929
373,MKC,2904,success,2021-01-01 to 2025-05-23,2025-05-29T13:07:55.044015
374,DGX,3174,success,2021-01-01 to 2025-05-23,2025-05-29T13:08:25.533911
375,ULTA,4549,success,2021-01-01 to 2025-05-23,2025-05-29T13:08:57.170557
376,STLD,2827,success,2021-01-01 to 2025-05-23,2025-05-29T13:09:28.149040
377,WY,2294,success,2021-01-01 to 2025-05-23,2025-05-29T13:09:58.881842
378,DLTR,5243,success,2021-01-01 to 2025-05-23,2025-05-29T13:10:32.200133
379,CTRA,2046,success,2021-01-01 to 2025-05-23,2025-05-29T13:11:00.842321
380,LUV,7846,success,2021-01-01 to 2025-05-23,2025-05-29T13:11:34.484673
381,BIIB,6703,success,2021-01-01 to 2025-05-23,2025-05-29T13:12:09.630053
382,NWS,2381,success,2021-01-01 to 2025-05-23,2025-05-29T13:12:40.050129
383,L,1634,success,2021-01-01 to 2025-05-23,2025-05-29T13:13:10.100584
384,LYB,2751,success,2021-01-01 to 2025-05-23,2025-05-29T13:13:41.337046
385,GPN,3093,success,2021-01-01 to 2025-05-23,2025-05-29T13:14:12.396003
386,WDC,3650,success,2021-01-01 to 2025-05-23,2025-05-29T13:14:45.092078
387,ZBH,2567,success,2021-01-01 to 2025-05-23,2025-05-29T13:15:15.063667
388,NI,1891,success,2021-01-01 to 2025-05-23,2025-05-29T13:15:45.288270
389,ERIE,828,success,2021-01-01 to 2025-05-23,2025-05-29T13:16:10.044576
390,MAA,2606,success,2021-01-01 to 2025-05-23,2025-05-29T13:16:42.007624
391,JBL,2560,success,2021-01-01 to 2025-05-23,2025-05-29T13:17:12.433072
392,ESS,2528,success,2021-01-01 to 2025-05-23,2025-05-29T13:17:43.335239
393,ON,3887,success,2021-01-01 to 2025-05-23,2025-05-29T13:18:14.674151
394,GPC,2313,success,2021-01-01 to 2025-05-23,2025-05-29T13:18:43.931224
395,FDS,2256,success,2021-01-01 to 2025-05-23,2025-05-29T13:19:13.890174
396,PFG,2331,success,2021-01-01 to 2025-05-23,2025-05-29T13:19:42.729317
397,GEN,1089,success,2021-01-01 to 2025-05-23,2025-05-29T13:20:08.793703
398,PKG,2036,success,2021-01-01 to 2025-05-23,2025-05-29T13:20:38.708071
399,KEY,3893,success,2021-01-01 to 2025-05-23,2025-05-29T13:21:09.834597
400,CFG,3177,success,2021-01-01 to 2025-05-23,2025-05-29T13:21:41.104963
401,RL,3188,success,2021-01-01 to 2025-05-23,2025-05-29T13:22:12.747512
402,HAL,4447,success,2021-01-01 to 2025-05-23,2025-05-29T13:22:44.476044
403,TRMB,1654,success,2021-01-01 to 2025-05-23,2025-05-29T13:23:14.928412
404,FSLR,4613,success,2021-01-01 to 2025-05-23,2025-05-29T13:23:46.389460
405,SNA,2026,success,2021-01-01 to 2025-05-23,2025-05-29T13:24:17.312101
406,TPR,3535,success,2021-01-01 to 2025-05-23,2025-05-29T13:24:48.500936
407,DPZ,4619,success,2021-01-01 to 2025-05-23,2025-05-29T13:25:20.168430
408,HRL,3551,success,2021-01-01 to 2025-05-23,2025-05-29T13:25:51.910084
409,MOH,1849,success,2021-01-01 to 2025-05-23,2025-05-29T13:26:21.559358
410,FFIV,2322,success,2021-01-01 to 2025-05-23,2025-05-29T13:26:51.271160
411,PNR,2040,success,2021-01-01 to 2025-05-23,2025-05-29T13:27:21.627285
412,CLX,3930,success,2021-01-01 to 2025-05-23,2025-05-29T13:27:52.378734
413,NWSA,3200,success,2021-01-01 to 2025-05-23,2025-05-29T13:28:23.076421
414,COO,1740,success,2021-01-01 to 2025-05-23,2025-05-29T13:28:52.889289
415,BF.B,1880,success,2021-01-01 to 2025-05-23,2025-05-29T13:29:22.202089
416,LNT,1927,success,2021-01-01 to 2025-05-23,2025-05-29T13:29:52.333483
417,BAX,2895,success,2021-01-01 to 2025-05-23,2025-05-29T13:30:23.907683
418,DECK,3407,success,2021-01-01 to 2025-05-23,2025-05-29T13:30:55.346831
419,EXPD,1841,success,2021-01-01 to 2025-05-23,2025-05-29T13:31:23.881325
420,J,2409,success,2021-01-01 to 2025-05-23,2025-05-29T13:31:55.051879
421,WST,2184,success,2021-01-01 to 2025-05-23,2025-05-29T13:32:26.714721
422,EVRG,1445,success,2021-01-01 to 2025-05-23,2025-05-29T13:32:54.905418
423,BBY,5276,success,2021-01-01 to 2025-05-23,2025-05-29T13:33:28.122773
424,CF,2949,success,2021-01-01 to 2025-05-23,2025-05-29T13:33:59.989882
425,ZBRA,2211,success,2021-01-01 to 2025-05-23,2025-05-29T13:34:29.985090
426,APTV,2504,success,2021-01-01 to 2025-05-23,2025-05-29T13:35:00.781801
427,BALL,1296,success,2021-01-01 to 2025-05-23,2025-05-29T13:35:29.262100
428,PAYC,2436,success,2021-01-01 to 2025-05-23,2025-05-29T13:35:59.249695
429,OMC,2770,success,2021-01-01 to 2025-05-23,2025-05-29T13:36:29.891994
430,EG,593,success,2021-01-01 to 2025-05-23,2025-05-29T13:36:55.268546
431,HOLX,2646,success,2021-01-01 to 2025-05-23,2025-05-29T13:37:26.427377
432,KIM,2313,success,2021-01-01 to 2025-05-23,2025-05-29T13:37:56.432333
433,AVY,1803,success,2021-01-01 to 2025-05-23,2025-05-29T13:38:25.265373
434,JBHT,2844,success,2021-01-01 to 2025-05-23,2025-05-29T13:38:55.926031
435,IEX,1909,success,2021-01-01 to 2025-05-23,2025-05-29T13:39:25.916556
436,UDR,1895,success,2021-01-01 to 2025-05-23,2025-05-29T13:39:54.125883
437,TXT,3192,success,2021-01-01 to 2025-05-23,2025-05-29T13:40:24.947630
438,JKHY,2021,success,2021-01-01 to 2025-05-23,2025-05-29T13:40:53.581854
439,MAS,2159,success,2021-01-01 to 2025-05-23,2025-05-29T13:41:22.688580
440,ALGN,2818,success,2021-01-01 to 2025-05-23,2025-05-29T13:41:54.535224
441,REG,1975,success,2021-01-01 to 2025-05-23,2025-05-29T13:42:26.014785
442,TKO,901,success,2021-01-01 to 2025-05-23,2025-05-29T13:42:51.358955
443,TER,2075,success,2021-01-01 to 2025-05-23,2025-05-29T13:43:20.168940
444,INCY,2844,success,2021-01-01 to 2025-05-23,2025-05-29T13:43:50.350482
445,SOLV,327,success,2021-01-01 to 2025-05-23,2025-05-29T13:44:14.447241
446,CPT,1857,success,2021-01-01 to 2025-05-23,2025-05-29T13:44:43.351306
447,ALLE,2097,success,2021-01-01 to 2025-05-23,2025-05-29T13:45:13.193252
448,UHS,2431,success,2021-01-01 to 2025-05-23,2025-05-29T13:45:43.368439
449,DOC,1256,success,2021-01-01 to 2025-05-23,2025-05-29T13:46:10.058321
450,ARE,3060,success,2021-01-01 to 2025-05-23,2025-05-29T13:46:41.645674
451,JNPR,2610,success,2021-01-01 to 2025-05-23,2025-05-29T13:47:12.119899
452,BLDR,1848,success,2021-01-01 to 2025-05-23,2025-05-29T13:47:41.490537
453,SJM,3059,success,2021-01-01 to 2025-05-23,2025-05-29T13:48:10.403436
454,MOS,3104,success,2021-01-01 to 2025-05-23,2025-05-29T13:48:40.171524
455,BEN,3728,success,2021-01-01 to 2025-05-23,2025-05-29T13:49:11.786663
456,CHRW,2745,success,2021-01-01 to 2025-05-23,2025-05-29T13:49:42.682662
457,POOL,1918,success,2021-01-01 to 2025-05-23,2025-05-29T13:50:12.503908
458,NDSN,1570,success,2021-01-01 to 2025-05-23,2025-05-29T13:50:40.587366
459,AKAM,2749,success,2021-01-01 to 2025-05-23,2025-05-29T13:51:11.593146
460,CAG,3162,success,2021-01-01 to 2025-05-23,2025-05-29T13:51:43.065296
461,RVTY,678,success,2021-01-01 to 2025-05-23,2025-05-29T13:52:09.798683
462,PNW,1961,success,2021-01-01 to 2025-05-23,2025-05-29T13:52:38.631553
463,BXP,2374,success,2021-01-01 to 2025-05-23,2025-05-29T13:53:07.513270
464,TAP,3181,success,2021-01-01 to 2025-05-23,2025-05-29T13:53:37.695734
465,HST,1850,success,2021-01-01 to 2025-05-23,2025-05-29T13:54:07.754662
466,BG,2059,success,2021-01-01 to 2025-05-23,2025-05-29T13:54:38.010247
467,SWKS,3193,success,2021-01-01 to 2025-05-23,2025-05-29T13:55:08.481669
468,LKQ,1739,success,2021-01-01 to 2025-05-23,2025-05-29T13:55:37.266481
469,DVA,2846,success,2021-01-01 to 2025-05-23,2025-05-29T13:56:07.868582
470,SWK,3396,success,2021-01-01 to 2025-05-23,2025-05-29T13:56:37.699461
471,VTRS,2444,success,2021-01-01 to 2025-05-23,2025-05-29T13:57:09.997439
472,CPB,3346,success,2021-01-01 to 2025-05-23,2025-05-29T13:57:40.991569
473,MRNA,9829,success,2021-01-01 to 2025-05-23,2025-05-29T13:58:18.015811
474,AIZ,2119,success,2021-01-01 to 2025-05-23,2025-05-29T13:58:46.260182
475,GL,1863,success,2021-01-01 to 2025-05-23,2025-05-29T13:59:15.052384
476,EPAM,1842,success,2021-01-01 to 2025-05-23,2025-05-29T13:59:43.337600
477,WBA,7821,success,2021-01-01 to 2025-05-23,2025-05-29T14:00:18.189481
478,KMX,3614,success,2021-01-01 to 2025-05-23,2025-05-29T14:00:50.190732
479,WYNN,4090,success,2021-01-01 to 2025-05-23,2025-05-29T14:01:22.554196
480,EMN,2643,success,2021-01-01 to 2025-05-23,2025-05-29T14:01:53.725569
481,HAS,4145,success,2021-01-01 to 2025-05-23,2025-05-29T14:02:28.284539
482,DAY,445,success,2021-01-01 to 2025-05-23,2025-05-29T14:02:53.210159
483,HSIC,2411,success,2021-01-01 to 2025-05-23,2025-05-29T14:03:24.113954
484,AOS,1874,success,2021-01-01 to 2025-05-23,2025-05-29T14:03:53.815663
485,IPG,2852,success,2021-01-01 to 2025-05-23,2025-05-29T14:04:24.444368
486,HII,2110,success,2021-01-01 to 2025-05-23,2025-05-29T14:04:55.637978
487,MGM,5937,success,2021-01-01 to 2025-05-23,2025-05-29T14:05:29.292497
488,FRT,2420,success,2021-01-01 to 2025-05-23,2025-05-29T14:05:58.860605
489,PARA,5496,success,2021-01-01 to 2025-05-23,2025-05-29T14:06:29.401459
490,MKTX,2156,success,2021-01-01 to 2025-05-23,2025-05-29T14:06:58.481161
491,NCLH,4847,success,2021-01-01 to 2025-05-23,2025-05-29T14:07:31.797737
492,LW,3203,success,2021-01-01 to 2025-05-23,2025-05-29T14:08:03.133396
493,TECH,5271,success,2021-01-01 to 2025-05-23,2025-05-29T14:08:33.863338
494,MTCH,3547,success,2021-01-01 to 2025-05-23,2025-05-29T14:09:05.157980
495,GNRC,2938,success,2021-01-01 to 2025-05-23,2025-05-29T14:09:36.168851
496,AES,2389,success,2021-01-01 to 2025-05-23,2025-05-29T14:10:07.043528
497,ALB,5225,success,2021-01-01 to 2025-05-23,2025-05-29T14:10:41.132447
498,CRL,1824,success,2021-01-01 to 2025-05-23,2025-05-29T14:11:10.618102
499,IVZ,4905,success,2021-01-01 to 2025-05-23,2025-05-29T14:11:42.084493
500,MHK,1753,success,2021-01-01 to 2025-05-23,2025-05-29T14:12:10.773989
501,APA,3069,success,2021-01-01 to 2025-05-23,2025-05-29T14:12:41.817467
502,CZR,4207,success,2021-01-01 to 2025-05-23,2025-05-29T14:13:13.827400
503,ENPH,5714,success,2021-01-01 to 2025-05-23,2025-05-29T14:13:47.471604
